{
  "width": 800,
  "height": 600,
  "eye": [
    0,
    0,
    10
  ],
  "viewDir": [
    0,
    0,
    -1
  ],
  "upDir": [
    0,
    1,
    0
  ],
  "vfov": 143,
  "bkgcolor": {
    "rgb": [
      0.5,
      0.5,
      0.5
    ],
    "eta": 1
  },
  "parallel": true,
  "frustumHeight": 7,
  "spheres": [
    {
      "center": [
        0,
        0,
        0
      ],
      "radius": 1,
      "diffuse": [
        0.8,
        0.1,
        0.1
      ],
      "specular": [
        1,
        1,
        1
      ],
      "intensity": [
        0.1,
        0.8,
        0.5
      ],
      "shininess": 32,
      "alpha": 1,
      "eta": 1,
      "hasAlphaAt": false
    }
  ],
  "lights": [
    {
      "position": [
        5,
        10,
        5
      ],
      "w": 1,
      "intensity": 1
    }
  ],
  "triangles": [
    {
      "v0": [
        -1.414213562373095,
        -3.5,
        -1.1102230246251565e-16
      ],
      "v1": [
        1.1102230246251565e-16,
        -3.5,
        -1.414213562373095
      ],
      "v2": [
        1.1102230246251565e-16,
        -1.5,
        -1.414213562373095
      ],
      "vt0": [
        0,
        0
      ],
      "vt1": [
        1,
        0
      ],
      "vt2": [
        0,
        1
      ],
      "diffuse": [
        0.5,
        0.8,
        0.2
      ],
      "specular": [
        1,
        1,
        1
      ],
      "intensity": [
        0.1,
        0.3,
        0.6
      ],
      "shininess": 32,
      "alpha": 1,
      "eta": 1,
      "hasAlphaAt": false
    },
    {
      "v0": [
        -1.414213562373095,
        -3.5,
        -1.1102230246251565e-16
      ],
      "v1": [
        1.1102230246251565e-16,
        -1.5,
        -1.414213562373095
      ],
      "v2": [
        -1.414213562373095,
        -1.5,
        -1.1102230246251565e-16
      ],
      "vt0": [
        0,
        0
      ],
      "vt1": [
        1,
        0
      ],
      "vt2": [
        0,
        1
      ],
      "diffuse": [
        0.5,
        0.8,
        0.2
      ],
      "specular": [
        1,
        1,
        1
      ],
      "intensity": [
        0.1,
        0.3,
        0.6
      ],
      "shininess": 32,
      "alpha": 1,
      "eta": 1,
      "hasAlphaAt": false
    },
    {
      "v0": [
        1.414213562373095,
        -3.5,
        1.1102230246251565e-16
      ],
      "v1": [
        -1.1102230246251565e-16,
        -3.5,
        1.414213562373095
      ],
      "v2": [
        -1.1102230246251565e-16,
        -1.5,
        1.414213562373095
      ],
      "vt0": [
        0,
        0
      ],
      "vt1": [
        1,
        0
      ],
      "vt2": [
        0,
        1
      ],
      "diffuse": [
        0.5,
        0.8,
        0.2
      ],
      "specular": [
        1,
        1,
        1
      ],
      "intensity": [
        0.1,
        0.3,
        0.6
      ],
      "shininess": 32,
      "alpha": 1,
      "eta": 1,
      "hasAlphaAt": false
    },
    {
      "v0": [
        1.414213562373095,
        -3.5,
        1.1102230246251565e-16
      ],
      "v1": [
        -1.1102230246251565e-16,
        -1.5,
        1.414213562373095
      ],
      "v2": [
        1.414213562373095,
        -1.5,
        1.1102230246251565e-16
      ],
      "vt0": [
        0,
        0
      ],
      "vt1": [
        1,
        0
      ],
      "vt2": [
        0,
        1
      ],
      "diffuse": [
        0.5,
        0.8,
        0.2
      ],
      "specular": [
        1,
        1,
        1
      ],
      "intensity": [
        0.1,
        0.3,
        0.6
      ],
      "shininess": 32,
      "alpha": 1,
      "eta": 1,
      "hasAlphaAt": false
    },
    {
      "v0": [
        -1.1102230246251565e-16,
        -3.5,
        1.414213562373095
      ],
      "v1": [
        -1.414213562373095,
        -3.5,
        -1.1102230246251565e-16
      ],
      "v2": [
        -1.414213562373095,
        -1.5,
        -1.1102230246251565e-16
      ],
      "vt0": [
        0,
        0
      ],
      "vt1": [
        1,
        0
      ],
      "vt2": [
        0,
        1
      ],
      "diffuse": [
        0.5,
        0.8,
        0.2
      ],
      "specular": [
        1,
        1,
        1
      ],
      "intensity": [
        0.1,
        0.3,
        0.6
      ],
      "shininess": 32,
      "alpha": 1,
      "eta": 1,
      "hasAlphaAt": false
    },
    {
      "v0": [
        -1.1102230246251565e-16,
        -3.5,
        1.414213562373095
      ],
      "v1": [
        -1.414213562373095,
        -1.5,
        -1.1102230246251565e-16
      ],
      "v2": [
        -1.1102230246251565e-16,
        -1.5,
        1.414213562373095
      ],
      "vt0": [
        0,
        0
      ],
      "vt1": [
        1,
        0
      ],
      "vt2": [
        0,
        1
      ],
      "diffuse": [
        0.5,
        0.8,
        0.2
      ],
      "specular": [
        1,
        1,
        1
      ],
      "intensity": [
        0.1,
        0.3,
        0.6
      ],
      "shininess": 32,
      "alpha": 1,
      "eta": 1,
      "hasAlphaAt": false
    },
    {
      "v0": [
        1.1102230246251565e-16,
        -3.5,
        -1.414213562373095
      ],
      "v1": [
        1.414213562373095,
        -3.5,
        1.1102230246251565e-16
      ],
      "v2": [
        1.414213562373095,
        -1.5,
        1.1102230246251565e-16
      ],
      "vt0": [
        0,
        0
      ],
      "vt1": [
        1,
        0
      ],
      "vt2": [
        0,
        1
      ],
      "diffuse": [
        0.5,
        0.8,
        0.2
      ],
      "specular": [
        1,
        1,
        1
      ],
      "intensity": [
        0.1,
        0.3,
        0.6
      ],
      "shininess": 32,
      "alpha": 1,
      "eta": 1,
      "hasAlphaAt": false
    },
    {
      "v0": [
        1.1102230246251565e-16,
        -3.5,
        -1.414213562373095
      ],
      "v1": [
        1.414213562373095,
        -1.5,
        1.1102230246251565e-16
      ],
      "v2": [
        1.1102230246251565e-16,
        -1.5,
        -1.414213562373095
      ],
      "vt0": [
        0,
        0
      ],
      "vt1": [
        1,
        0
      ],
      "vt2": [
        0,
        1
      ],
      "diffuse": [
        0.5,
        0.8,
        0.2
      ],
      "specular": [
        1,
        1,
        1
      ],
      "intensity": [
        0.1,
        0.3,
        0.6
      ],
      "shininess": 32,
      "alpha": 1,
      "eta": 1,
      "hasAlphaAt": false
    },
    {
      "v0": [
        -1.414213562373095,
        -1.5,
        -1.1102230246251565e-16
      ],
      "v1": [
        1.1102230246251565e-16,
        -1.5,
        -1.414213562373095
      ],
      "v2": [
        1.414213562373095,
        -1.5,
        1.1102230246251565e-16
      ],
      "vt0": [
        0,
        0
      ],
      "vt1": [
        1,
        0
      ],
      "vt2": [
        0,
        1
      ],
      "diffuse": [
        0.5,
        0.8,
        0.2
      ],
      "specular": [
        1,
        1,
        1
      ],
      "intensity": [
        0.1,
        0.3,
        0.6
      ],
      "shininess": 32,
      "alpha": 1,
      "eta": 1,
      "hasAlphaAt": false
    },
    {
      "v0": [
        -1.414213562373095,
        -1.5,
        -1.1102230246251565e-16
      ],
      "v1": [
        1.414213562373095,
        -1.5,
        1.1102230246251565e-16
      ],
      "v2": [
        -1.1102230246251565e-16,
        -1.5,
        1.414213562373095
      ],
      "vt0": [
        0,
        0
      ],
      "vt1": [
        1,
        0
      ],
      "vt2": [
        0,
        1
      ],
      "diffuse": [
        0.5,
        0.8,
        0.2
      ],
      "specular": [
        1,
        1,
        1
      ],
      "intensity": [
        0.1,
        0.3,
        0.6
      ],
      "shininess": 32,
      "alpha": 1,
      "eta": 1,